<datos>
<estado nombre="Ciudad de Mexico">
    <municipio nombre="Ciudad de Mexico" ciudad="Ciudad de Mexico" CP="100000" oficina="50" />
    <municipio nombre="Miguel Hidalgo" ciudad ="Miguel Hidalgo" CP="200000" oficina="70" />
</estado>  
<estado nombre="Jalisco">
    <municipio nombre="Guadalajara" ciudad="Guadalajara" CP="150000" oficina="60" />
    <municipio nombre="Zapopan" ciudad="Zapopan" CP="180000" oficina="80" />
</estado>
  
<estado nombre="Nuevo Leon">
    <municipio nombre="Monterrey" ciudad="Monterrey" CP="100000" oficina="50" />
    <municipio nombre="Apodaca" ciudad="Apodaca" CP="200000" oficina="70" />
</estado>
</datos>
